c3010099-e71b-4293-8e5d-eb6292ce7223,2024-10-07 10:29:04 UTC
9c85fe0e-e9b8-46d2-9656-93574a8e286e,2024-10-09 13:28:27 UTC
31a47a50-25c6-417d-b697-1210c00184f8,2024-09-12 11:52:07 UTC
a19cfc3a-7f0b-4f0e-8247-4f30c4afd020,2024-08-28 11:15:01 UTC
a6d276a4-3434-472c-a030-a958b12dd96b,2024-08-27 13:39:26 UTC
2a343b53-a7d5-4e88-b100-b6daf3214bf6,2024-10-14 13:33:46 UTC
ef50907a-e5b3-40fd-8666-16beb14c02b2,2024-08-28 13:17:23 UTC
961ef29e-c767-4cf1-8807-8d3a0fe42658,2024-08-28 14:38:33 UTC
b0fcf6be-406c-4a9f-accf-538dc0ff2d74,2024-08-28 10:18:50 UTC
2329ba0a-235f-40a6-bbe6-72c9b37d88ac,2024-08-23 14:47:36 UTC
1c9fbb65-38ca-406d-8c51-4e97cba28e18,2024-08-28 14:36:02 UTC
91fdf28d-822d-4f16-b14a-ae1d741cdfe6,2024-08-28 12:36:06 UTC
9414d65d-e6c2-4767-9102-46cc5ecd6960,2024-08-28 15:38:17 UTC
7b7b6758-32a2-4630-aef4-2df978c48fe8,2024-09-10 12:17:51 UTC
e2571390-029b-4fcc-831e-3cfe30dfed7f,2024-08-29 12:55:46 UTC
aa10f099-9cf1-4436-b4a2-ae470071f2a1,2024-09-02 09:48:49 UTC
a87237f3-0d2e-4575-91c3-808ab6b6b2b2,2024-08-28 09:56:04 UTC
cccae918-0af1-409c-9baa-4d1315fb0ca6,2024-10-03 15:49:58 UTC
c4a3d6e6-adc5-4563-b340-af6f5a944d17,2024-08-29 13:35:57 UTC
47ab2b21-0457-4e32-bde1-adddc27d921e,2024-09-06 11:07:58 UTC
cbf30e31-9348-408c-b73e-048cc39f2cfb,2024-09-05 11:41:33 UTC
9958ee7e-a11f-4dd1-93ce-5b8d70194a85,2024-09-06 16:23:46 UTC
8acf4486-2a35-4d9f-933c-aebaa39c2b78,2024-09-02 15:43:18 UTC
3e1d2eb6-65dc-4982-ac24-aa072ebcb8c1,2024-09-02 10:40:26 UTC
4860c255-bf4c-4b62-b65c-f751a3c505ea,2024-09-06 11:07:18 UTC
dffbb843-3c3c-4a56-9e13-ff5a86e20853,2024-10-17 11:46:10 UTC
827e9527-253f-42ad-863d-db504acab7e1,2024-09-12 13:49:19 UTC
2fa79656-0f98-457d-8f08-7770fc4df993,2024-09-06 11:22:45 UTC
5509c9a0-092b-4bc8-9df4-35cf5cfb07b7,2024-09-12 14:48:35 UTC
65223029-b5c3-4d53-be9f-9d649f731068,2024-09-06 11:20:27 UTC
61baf7b4-2dcc-4a52-9a22-c3542434546f,2024-09-19 16:32:13 UTC
34699c85-be9e-4810-a25c-09bc89246a88,2024-09-24 11:04:52 UTC
4cbb7f23-e5ac-4d15-a66b-572b2e8458f8,2024-10-17 15:48:20 UTC
c3fa2e50-84f6-4bac-b915-ddf9ea40478b,2024-09-07 12:17:30 UTC
abc81e1b-a5d0-4bfd-948f-e019e8bba096,2024-09-11 12:26:41 UTC
99b278b2-5d1c-4e2d-8891-279630db12af,2024-10-03 09:44:29 UTC
fd62dbd3-68ef-435e-8ccf-aecfe0abaa11,2024-09-06 11:24:18 UTC
e1055171-adef-4f85-9b6c-5b604d75933f,2024-09-04 10:32:06 UTC
e2a7d38e-d7ee-4141-8bf0-c99b2fcadd86,2024-09-03 13:46:26 UTC
704452d8-29f0-4c4d-9042-0ba12a10efb4,2024-09-04 10:58:13 UTC
042f4a0b-8f9a-4237-8cd5-46c450327d5d,2024-09-04 10:28:55 UTC
ed9ee856-a7d7-4b06-aea3-78fc67296aa2,2024-09-30 11:05:21 UTC
7e7acafb-7bac-4bcd-9311-3e73f184ee59,2024-09-11 12:06:49 UTC
826e2986-22c9-4cc4-8857-fc3918b25e6e,2024-09-02 14:35:02 UTC
49e8df94-a572-4ff0-9b12-dc1794aec8cd,2024-10-07 10:31:30 UTC
ca9caec8-6323-4f32-819a-b229c54e5a77,2024-09-15 14:45:21 UTC
b8199160-4279-4c14-98be-79d38b81bb99,2024-09-19 09:32:36 UTC
58291977-5a26-4683-bc7f-66f5cc4a3f89,2024-09-22 09:16:28 UTC
b21b1f10-489a-47a0-bfad-74ebc7eac03b,2024-10-02 11:12:27 UTC
ea153093-3813-4b82-81d6-9338e1a5f365,2024-09-11 13:15:43 UTC
648fe8a7-d4ce-4806-81d9-9f4ce44a61d6,2024-09-22 09:49:21 UTC
48207ac4-446a-4702-936b-55ebb384a736,2024-09-12 11:12:04 UTC
ecf78fd1-84ba-4bca-927f-66a256093360,2024-10-08 12:52:02 UTC
a04aab06-2c47-48e2-b91d-465c5e68b27a,2024-09-14 11:47:04 UTC
6dbd4892-3db7-4e6f-a949-ec71f5eb5e76,2024-10-14 17:24:55 UTC
14c62bab-a86e-4f80-b0b2-0ba709a0dad0,2024-10-17 15:42:53 UTC
21611b94-79f6-486d-a262-6717b275c871,2024-10-07 10:37:39 UTC
e7a2a5dd-e9b7-4cbf-90c7-2697cbbdc42e,2024-09-24 09:33:05 UTC
7f0b3ec5-8a90-448d-a9eb-a99a6b6dffa2,2024-10-07 10:39:55 UTC
11df3921-d8f5-4a03-96c3-01cf5c6a199a,2024-10-10 22:34:47 UTC
17c00065-625e-41d2-90c2-922c1face5d7,2024-10-09 13:59:28 UTC
7e85b778-feaa-40e4-99bb-a59f5ce41774,2024-09-22 11:13:39 UTC
2210b24d-9739-4004-8a7f-dd3d3af4da65,2024-09-20 09:39:32 UTC
e6f18550-58bb-435a-ae53-22dd692e5489,2024-09-17 15:07:02 UTC
34da7395-3abf-4d88-aa84-b9b8cbecd6e4,2024-09-27 15:27:52 UTC
f03c4fd7-0c65-47a1-bf64-224ec4e74829,2024-09-12 14:16:38 UTC
1cc6bb6c-5439-44fe-9ecb-ca26035d4f92,2024-10-09 14:09:03 UTC
fc58f9eb-977e-4e55-905e-fa5cfa6a8b11,2024-10-08 13:39:58 UTC
903c5be1-f040-44f4-beae-001fa5ade2b5,2024-10-09 14:09:10 UTC
f3e24b3b-a3ff-4094-9a75-316a9550d1b9,2024-09-12 15:25:39 UTC
9020df59-803f-4e90-a3ba-9fa12ce95dba,2024-09-26 13:47:28 UTC
95514662-8e97-4302-b3d3-d104bcb4de08,2024-09-12 14:35:50 UTC
cdf10d67-8d1c-472f-9190-d96c65c5e737,2024-10-07 10:43:26 UTC
663783a6-defa-4b5b-8781-d6a0e1d4d5d2,2024-10-09 14:26:58 UTC
c2751e78-68ce-42a6-b69d-f3b584b7366e,2024-10-02 12:28:25 UTC
28b671ac-19c0-43d3-b855-9be71ef1425f,2024-10-04 09:05:22 UTC
312adf8d-a4ed-4d1f-b22d-9958c209863e,2024-10-13 11:11:54 UTC
a7173939-16b9-4bbc-b71e-cbcb4a402788,2024-09-25 11:12:10 UTC
a2b93d42-46d6-4a6a-bb38-9d1d70381620,2024-09-30 14:38:50 UTC
a9fe1da8-d647-4bc0-af99-374f16cf8554,2024-09-16 12:14:55 UTC
ce5adcfb-42f6-47e0-addf-9bcbbba84333,2024-10-08 14:02:59 UTC
1f90037f-bfd3-4491-a63f-c12e0bfb0a85,2024-09-16 12:26:14 UTC
9a2f7910-1511-45e3-9a2c-5304789afc62,2024-09-23 11:24:25 UTC
4d2510f7-cd73-43a5-8fbe-eaab2b246623,2024-10-07 10:45:27 UTC
ad326a0e-f9ef-48ff-9126-f6e0bd7d0869,2024-09-18 09:35:52 UTC
39407d71-b6b9-4f3e-9bc2-868c1265e272,2024-09-18 09:38:59 UTC
8f32995c-8e70-4146-8b6c-2846b979ccfd,2024-10-03 17:39:07 UTC
e22088a3-22da-489c-af98-90864ace6938,2024-10-08 14:04:23 UTC
8e8a5049-7ab8-4458-be2b-03b891a127b4,2024-10-09 14:18:37 UTC
258f2a97-d595-4052-9f3e-2a19e3e5327f,2024-09-20 16:02:20 UTC
932af31c-2362-4880-af51-aaa808ebaaae,2024-09-12 09:07:30 UTC
a5a514a8-96fe-406f-ab53-aaa13f02d08a,2024-10-13 13:33:30 UTC
298dac2a-def3-4ab1-8bb9-4d7b11fb79fd,2024-09-23 13:23:37 UTC
b4da2837-49c1-4615-b8f8-f0a0c3bc2880,2024-09-23 10:39:17 UTC
961cc9fb-0ac3-4a7b-967e-14bb3cdc2c3b,2024-10-04 09:40:13 UTC
dbc0f007-0d10-4cb3-92bd-1bab88c91bf7,2024-09-26 13:54:56 UTC
3bcff738-703a-4095-b539-c92ee3969699,2024-09-26 14:24:27 UTC
4a875de9-1e26-4608-b37a-fb7e006dded7,2024-10-09 14:39:55 UTC
138a59c4-1255-478b-896a-63bfb4e6c861,2024-10-18 08:46:30 UTC
117f5f8d-2c57-4173-aeed-546ba382f66f,2024-10-02 10:50:31 UTC
4aafc44c-ead0-442c-b8f3-980462f5f777,2024-09-24 09:45:46 UTC
ff054b39-7c57-4624-b575-23bb39fab111,2024-09-26 16:50:16 UTC
632afdfc-96ca-4cc6-9e63-4b9f5c78443e,2024-09-30 11:00:59 UTC
9ff3a707-772d-417a-865f-4261b2a4a546,2024-09-30 11:23:30 UTC
7c4287b6-f420-4897-bfe6-80cd7d78be61,2024-09-05 14:23:27 UTC
de452aa6-3973-4b90-b64b-0e80ed5bab3f,2024-09-26 14:54:39 UTC
39ae4703-7669-41b0-b123-b59180a26f66,2024-10-16 11:37:51 UTC
bd495171-4b6f-425f-93ee-199941c20daf,2024-09-27 13:51:08 UTC
d9b8fd82-233a-4249-aef8-5168bb8dabd3,2024-09-19 08:43:34 UTC
67250731-b9cc-40c9-bbd4-6def2b9cfb0d,2024-10-17 12:25:54 UTC
1e6c5ff7-794a-4820-b029-65bd2d3436d1,2024-09-09 11:28:24 UTC
7babe51d-c64d-4f98-8ac8-0e74061c04a6,2024-09-19 09:12:28 UTC
de196929-f379-4fd3-884f-1491e0aae98e,2024-09-24 13:34:19 UTC
a6b25512-a3f4-4a30-b008-1a83bfb0fc7e,2024-09-12 13:09:51 UTC
4591fbc4-708a-442e-8f63-b31b3c673a31,2024-10-11 11:05:12 UTC
e8d33d6b-7acd-4cfe-8320-8c935ad2f70c,2024-09-19 11:27:05 UTC
a0eb6236-f46a-4129-adfb-679bb5e2cac1,2024-09-10 08:39:10 UTC
9610bfeb-1202-4b4f-b068-2e869621702e,2024-10-02 11:04:26 UTC
ff02d36f-ffa8-4dcc-90cc-e8bf8960de86,2024-10-09 15:16:10 UTC
7bf5fec1-aee4-46a4-83cb-cb101608173e,2024-09-24 10:56:54 UTC
cc01e0ee-0f15-4dfa-8e29-aea361433282,2024-10-02 15:30:10 UTC
01a9a6f6-09d5-43cb-a784-fbbd6e8d9b26,2024-10-01 08:22:49 UTC
b62d5116-8171-49dc-9f85-e692529264b5,2024-09-26 15:16:59 UTC
804170c4-11da-408a-b2db-e512251003da,2024-10-16 11:45:20 UTC
ff60a16a-e844-47c7-82cd-344524bd531d,2024-09-24 09:29:47 UTC
27f953d3-2915-468d-84e4-edd0b18910ce,2024-10-15 19:20:49 UTC
f6308ea2-c778-45a8-81ad-711f8fc9bc17,2024-09-26 13:06:20 UTC
7b39ecb5-720b-4846-b347-512ea9d64aab,2024-10-07 11:11:39 UTC
0385b85e-2032-4f0a-ac36-9c37c291ff1b,2024-10-11 11:08:17 UTC
f49a976d-6de2-4a02-a127-9cb0e99be6b0,2024-09-27 14:28:24 UTC
b06570f5-b87b-4092-b754-fbea9d0e38ae,2024-09-30 09:58:25 UTC
70e6220c-3d20-468a-b3b2-4c46bab5986a,2024-09-30 10:58:25 UTC
c6879f97-ef3b-43db-ae1c-7d9822228bda,2024-10-15 19:25:16 UTC
686fd5a5-6e25-4e32-bfb5-c7bc3a5df8f3,2024-09-30 11:07:28 UTC
00855053-0d95-410b-aed2-99602ec0b433,2024-10-18 08:52:31 UTC
a90c808e-429f-4b4a-8965-f60d5938ebdd,2024-09-05 14:51:55 UTC
0e48adf1-2fbd-4dd6-9319-98141eb157b0,2024-10-02 11:18:51 UTC
751458be-2734-4417-90e4-2204bae02cc4,2024-09-30 15:08:44 UTC
ab253d87-0967-42d7-8362-810dcac31966,2024-09-30 14:51:36 UTC
e783bfb9-1768-4138-aa60-a00da3b71120,2024-10-07 11:04:22 UTC
e33e4888-5064-498d-8961-ba116abe545f,2024-10-09 08:36:58 UTC
09ba25d3-f426-4ba2-9fce-a7f957516e54,2024-09-25 14:07:54 UTC
7b58c1d4-739b-4548-8004-c94026089e86,2024-09-26 12:55:42 UTC
cf76aadb-ea03-4295-971c-267a3612ec86,2024-09-13 10:36:21 UTC
052389cf-5d4d-41b1-896d-ca506d9d24c2,2024-09-09 09:50:21 UTC
e221a12b-35ca-4784-85b4-0fb1b443ccb9,2024-10-04 10:39:51 UTC
638759a0-ed4a-41ca-a9b5-d7aa4043ed38,2024-10-04 22:54:35 UTC
dde2ea1f-6dc6-42da-bc99-453b83d38655,2024-10-01 08:23:30 UTC
8297ada9-bb24-460e-8859-f7e63996add9,2024-10-06 14:15:43 UTC
9cf1c4c1-e6c9-40f3-b78b-044fb1d6fa94,2024-10-11 11:59:04 UTC
d56f3246-c4a0-40c1-9c6c-1ab18f5e7ab3,2024-10-06 22:15:46 UTC
b11c5060-382e-4909-bbac-92d264c1cbb2,2024-09-30 15:12:26 UTC
b9f74225-9e31-4629-a57d-651c83db4f3d,2024-10-01 08:14:39 UTC
7be0731d-002b-4626-8ed5-4346d3f46e1a,2024-10-01 08:32:10 UTC
6db2ae82-7499-411c-8e34-d51f25bbd828,2024-10-01 08:17:08 UTC
20673631-2fef-4b94-ad03-5b217a728085,2024-10-01 08:19:45 UTC
e75b339d-c859-4c50-b523-e3a28f02b315,2024-09-12 09:46:20 UTC
f2af1f64-905c-43b9-903f-19c29200c0b9,2024-10-09 15:03:54 UTC
da13efc6-e331-4570-a21b-d895de2a8c38,2024-10-03 10:14:11 UTC
0f802920-b1b0-486e-99b6-666ba0a409b6,2024-09-30 11:03:17 UTC
69ccae27-2c30-4e1b-b7dd-5d2aa0c4e1a1,2024-09-30 10:20:53 UTC
19eac6c2-9f60-44c9-86d5-10c9d69a4740,2024-10-02 12:08:02 UTC
656a7f6c-0299-41fe-a706-3ddab7a78d65,2024-09-30 11:15:48 UTC
d531293e-7d90-4268-94cb-3c6c558e424c,2024-10-15 21:11:19 UTC
ec718a96-76e3-4ba0-987c-8c10c7cf2231,2024-09-30 11:11:08 UTC
923116c8-b404-4cbb-a227-95f5a45fab7d,2024-09-30 11:12:51 UTC
cfc45d81-ad79-4c84-b67f-13e94e06d1ee,2024-10-11 12:08:09 UTC
732136f3-6bf5-438c-960a-67a3b0a8a35b,2024-09-12 10:27:29 UTC
4f8b477a-ea15-466e-9bdb-a11f0aa318e8,2024-09-18 17:19:39 UTC
6d0ffedc-b9aa-4596-b55e-ac780c7da1c8,2024-10-01 08:16:21 UTC
684d420f-fef0-4fbe-bd99-ff48141179f1,2024-09-24 11:05:28 UTC
1f439304-3590-4a20-a519-7d22e24788be,2024-10-11 12:32:40 UTC
a5964857-4631-42bf-9e59-607cf83e381f,2024-10-18 09:21:41 UTC
1a3d9117-9929-4b08-ab32-4f51c8621560,2024-10-07 15:40:25 UTC
65e56ec7-59b9-4848-b00f-07b31d8c40f2,2024-10-01 08:28:03 UTC
f2d1e34c-0d9c-47df-8835-22b92590b32f,2024-09-26 13:50:38 UTC
419f57f0-3e2b-487b-8f9e-d308524c8cc4,2024-10-14 10:19:16 UTC
1941597a-06fd-4e37-bd85-9156c57b9185,2024-09-13 12:50:11 UTC
189e090b-5b59-4e27-856c-ecf4029ab82a,2024-10-18 09:12:30 UTC
4cedb7c6-a2fd-4624-bd4f-d32b42926124,2024-09-13 13:52:38 UTC
6a14deb5-975f-4adc-8c85-a3bc8d4419c7,2024-09-24 11:40:27 UTC
eb039431-26ca-4a40-8ab1-942455a42d67,2024-09-13 16:19:37 UTC
ffdb9644-cddc-4b14-aadf-ab643ea4f858,2024-10-01 08:27:04 UTC
298b79fe-9528-4de1-a999-5256e8823e16,2024-10-04 11:04:13 UTC
88aa2c2c-8261-4581-bdc7-891c731cb06c,2024-10-04 12:16:00 UTC
932cee40-1066-4a7a-a884-4dc34dba6ef8,2024-10-01 09:33:05 UTC
5caa37b0-ccc3-4d00-b266-ee36f80e952c,2024-10-11 12:53:59 UTC
73fe4078-beb6-4fd0-a433-7f533d1f030b,2024-10-04 13:45:49 UTC
57d48851-94bf-4fdc-bf51-b38b1595ae82,2024-10-01 08:21:34 UTC
f7ba8e9c-bac4-4e92-8c93-27009dd66b10,2024-10-04 13:49:54 UTC
b17821db-bf58-43be-adb0-c7e6e0fadd3d,2024-10-03 11:24:59 UTC
44ce0e2e-514f-4194-a71f-8c70e9326e71,2024-10-03 11:39:43 UTC
e3410153-8444-4002-aa4f-70af0a00bbcd,2024-10-03 12:11:40 UTC
853ca3a6-261a-41ba-882e-4c151739b98b,2024-09-16 14:04:11 UTC
0b10dfa4-98aa-4d8a-a544-523012b1a722,2024-10-04 14:11:52 UTC
77422dee-30ca-43d5-ba3c-5fe7ecc2c4a7,2024-10-04 14:29:21 UTC
7eb6d86b-da0c-48be-a4c7-0f146f081987,2024-09-24 12:57:05 UTC
ceeb1987-17f3-4ebf-a258-a4a6f300f79c,2024-10-01 12:57:35 UTC
bf329c5f-608c-446a-b3fd-937a8549810e,2024-10-03 12:48:11 UTC
5faea7ae-b1fc-4d92-b52e-d24237f01b84,2024-09-16 12:51:06 UTC
03e8e2f0-9d0f-4465-a086-6a447a47ba3b,2024-10-04 13:59:36 UTC
8e08038c-e886-47ad-aad4-2a89336e8773,2024-10-04 14:11:18 UTC
c1e3c9e9-ccea-4b3c-ad5d-54341a263aac,2024-10-04 14:40:39 UTC
cbb82932-eea7-446e-a55e-0380e188f8ae,2024-10-07 11:39:14 UTC
4bad9ddf-37fc-4523-b7d9-6ef4401e5126,2024-10-11 13:00:08 UTC
edaba809-e5a4-4d06-b9eb-a7bcaf22abd9,2024-09-30 16:14:43 UTC
fd81d278-1789-447c-b898-ea1039eaf16e,2024-10-07 11:53:54 UTC
1169c342-e5ca-42d4-aa20-9ddb6beeb7dc,2024-09-24 13:34:17 UTC
87627630-c165-442f-aa10-631819a3d75c,2024-09-19 16:05:36 UTC
9e0824e6-8fdc-4efd-aadc-67079ce367a7,2024-10-01 13:38:42 UTC
6f61a576-2e50-4fb1-9aec-0af7a5ceb97b,2024-10-01 10:34:13 UTC
501d5e2d-3863-46da-833f-a25d3bbd35fc,2024-10-04 12:43:20 UTC
5abbd5d0-62e9-4e01-8519-630d913b9f49,2024-10-11 13:20:01 UTC
9de8ade0-6d48-4fa9-96bc-a84be4bf6f82,2024-10-06 23:11:28 UTC
295943ce-2a85-4a59-8c2c-6256bb1ca9c9,2024-10-09 11:09:45 UTC
2523cd7d-fb8f-4fb2-93ce-2aa18143f007,2024-10-07 09:40:30 UTC
f7e498ea-6735-450a-8c0f-e27c50d4dc53,2024-10-16 19:10:31 UTC
a0203e0e-422d-4085-9c97-971e3449dc1c,2024-10-01 10:23:24 UTC
4a264735-6ad2-40c6-974a-9aa760aac097,2024-10-09 11:11:49 UTC
6bbe2dff-c857-42e3-b2d3-b15902d03284,2024-10-04 15:38:10 UTC
47d39cfd-1b7d-4b5f-b343-3295700027fc,2024-10-04 16:19:02 UTC
2a3eeed4-9549-431d-861f-9edf60813fe3,2024-10-17 09:24:39 UTC
8ff105cc-7086-4d00-839e-7d38eccf82d5,2024-10-07 19:28:06 UTC
2e38bbf5-53b9-4b9d-ab93-79ce521c2bd7,2024-09-30 11:48:31 UTC
28d0c1d3-6586-4c0a-8071-30118946139f,2024-10-16 19:13:20 UTC
2bc2ea66-90cc-487d-ab24-8aae26ce7192,2024-10-10 09:59:38 UTC
608d0e53-c4bc-4abf-885d-3cc074228a91,2024-10-15 09:39:15 UTC
2fe6e21f-3968-466d-9c99-c547d3a25de6,2024-09-30 16:58:20 UTC
05a7aca7-9c65-4947-a40a-59233c0770ac,2024-10-17 14:16:11 UTC
035a11d6-664f-48ff-820b-d7c38dd801fd,2024-10-01 16:29:11 UTC
6854bb3e-4504-4be8-9065-5dac6771e745,2024-10-01 11:37:51 UTC
8ea0b3b9-2ffa-4ff2-958f-96224912c33b,2024-10-07 12:18:07 UTC
37d1e68e-7437-455b-a946-febd43f364f5,2024-09-16 11:52:17 UTC
bb8fa2b4-df6d-405a-8369-09bb4f6c190c,2024-10-08 08:06:40 UTC
5a9245ed-90b3-4a1e-9684-1a8720358b40,2024-09-30 12:30:24 UTC
0573953d-4885-4eca-8e5a-f97d6e35df97,2024-09-10 13:47:59 UTC
c940de8b-da84-4db6-9439-aaa7f7378155,2024-10-01 16:03:38 UTC
adae94b4-2132-41e1-9534-61c9bbd6ac61,2024-09-13 12:24:25 UTC
78e81803-c6b1-473c-9ae8-d80e577b3003,2024-10-10 11:23:49 UTC
00b19235-2851-4577-8a20-de4c32b49ce2,2024-10-08 14:32:17 UTC
796d7f27-22d6-4edd-b047-ec3dabd80e00,2024-10-08 14:33:44 UTC
36333b5e-dc7a-49cf-bd0c-c38aec7f2325,2024-10-07 12:50:39 UTC
04aadf58-f4bc-40f8-b6fd-484ad02c375b,2024-10-07 13:04:32 UTC
69cd0593-3a13-4a4f-af89-291fd23ce430,2024-10-09 11:49:46 UTC
544e74d6-75c4-4012-8d28-009b538377ad,2024-09-18 15:20:38 UTC
681b56f4-347d-4bd3-9457-8fcc35f0403b,2024-09-18 12:59:05 UTC
07367377-c711-4504-85b9-bcb5f929cde3,2024-09-13 13:18:27 UTC
b1398eae-ad65-4b71-ae5e-c1435aba2789,2024-10-03 11:02:26 UTC
fed6a860-3a1b-4836-b767-7138e94c0b20,2024-10-07 13:29:36 UTC
2a9c9072-d6d2-4391-ad35-625769fa04be,2024-10-15 09:45:52 UTC
40a50ded-d580-4df8-9cff-be15f5d2f5bd,2024-09-19 11:01:34 UTC
d8dc4220-c61a-4457-a2d6-f03c992beec2,2024-10-09 13:14:29 UTC
26c93038-eee4-4022-bfff-19164fece425,2024-10-10 10:24:28 UTC
52bb2f1b-c81b-4ec6-bb48-0c60c9732d44,2024-09-18 13:48:29 UTC
83b252ad-41a8-4e09-b6c9-c5cd5da0c808,2024-09-16 12:00:07 UTC
20dcc7f7-0b86-4ffc-80a4-29a816d8773f,2024-09-17 13:26:51 UTC
942f9ac3-1c53-4d58-83ce-a6ee714d5abd,2024-10-07 15:29:16 UTC
ce34e7ca-c2b9-48c6-8c14-2d76d8a600d7,2024-10-08 15:07:15 UTC
ef86ad5a-e91d-4f9c-82ed-1237b953f5b9,2024-10-04 11:31:36 UTC
6b1be113-a71a-4f59-8d2d-e2c13e37ae1e,2024-09-30 07:35:37 UTC
90568a36-eece-48fd-bc35-a457a156fa0c,2024-10-05 12:44:37 UTC
27183ac8-ae2a-42a8-89af-96827a9ac112,2024-10-14 10:53:47 UTC
51673abf-d683-41c6-bf51-5e0253ba3002,2024-10-10 11:57:41 UTC
5e180e2b-6e11-4fca-a977-33dc277ee6fe,2024-10-10 13:17:38 UTC
b58648d7-d471-416d-8449-47da75dd7b6d,2024-10-10 07:57:52 UTC
f15ba282-5eb2-4420-83ef-ecaaaecaf0be,2024-10-08 11:26:28 UTC
df64a602-e332-41db-96a2-e14302d5063c,2024-10-08 11:30:34 UTC
4dcc40b0-e4aa-43ea-b53a-18cea0c45f4c,2024-10-08 10:14:45 UTC
2cc51674-ef24-4840-a0d0-2d7b616cc131,2024-09-20 08:27:36 UTC
d8f3dd5e-2e07-4c56-8b37-f67fec2375ee,2024-10-02 10:30:30 UTC
3d123e08-9975-49bf-8806-d99e0d92920c,2024-10-15 21:34:16 UTC
ff957ce6-b3a2-4c05-ac59-eed3e0739021,2024-10-11 14:57:27 UTC
69cee7a8-38e6-4948-ac57-05de4e648547,2024-10-08 10:25:01 UTC
c5f1206c-25cd-4fb2-894a-5159a8201968,2024-10-08 15:21:09 UTC
76f7524d-8173-4967-a558-3d7eb0d720dd,2024-10-10 08:51:13 UTC
bae3c653-358a-414a-b619-f953aed0e5ef,2024-10-14 11:05:43 UTC
c452448a-7ca7-4170-82ab-2f5b312e8b62,2024-10-17 14:31:44 UTC
5b24d94d-c090-4814-9a48-77eba59fe318,2024-10-14 11:15:47 UTC
5145f833-90b4-4041-a2ef-c654d3997c4f,2024-10-17 14:48:02 UTC
e7d2e549-bc04-427f-8a4b-87a99174f9f6,2024-10-09 16:02:59 UTC
6f821d90-0edf-44d5-a57f-e72c376ea249,2024-10-08 10:00:52 UTC
5776729f-326c-4ee4-b57a-65a268521675,2024-10-15 22:20:33 UTC
e9d732e4-6114-4e49-95e5-90e528fc21b5,2024-10-17 14:40:03 UTC
4bfb0605-fdce-46ab-bdc4-ebef44a94392,2024-09-19 13:20:40 UTC
84abe4b5-8db5-4fc3-9cbb-cca4eaec66af,2024-10-08 10:26:34 UTC
cea1e41b-d663-4439-84e3-f5f5c5648d2d,2024-10-10 13:51:54 UTC
a9742c3f-0e1b-4323-bb24-93647b5fa9f0,2024-10-18 10:00:14 UTC
66e22ddc-f7d7-4624-832b-bc15a9f06b08,2024-10-07 10:23:14 UTC
bebf56de-d0f9-4341-bc5a-3d18ae50fed5,2024-10-07 16:05:00 UTC
44d584ad-a9d7-479b-abb7-bf30c85fc5a0,2024-10-10 14:17:33 UTC
ac27d802-eab0-4250-980d-e45a862dfff0,2024-10-08 10:37:30 UTC
05327777-5291-4017-98fd-5b771c8a98e7,2024-10-17 14:47:36 UTC
67a99cc8-5c8b-48d8-bff7-0d87ac283b9d,2024-09-26 12:34:42 UTC
581534a3-d11e-434e-9fde-4d18eae0def8,2024-10-10 13:51:42 UTC
9175123c-b06a-4855-9f12-fc21951fdf59,2024-10-09 16:27:57 UTC
835685e6-b679-4c69-9a76-32be53702112,2024-10-08 10:33:51 UTC
f8556b44-b0ed-479f-8fb7-ebbec9d2d645,2024-09-20 14:38:02 UTC
02ed04de-7000-4368-8cc3-89903ff68cef,2024-10-18 12:56:21 UTC
4685015f-62b3-480e-87cb-ae83f857b902,2024-09-25 13:17:08 UTC
ada24b33-757b-42c9-8c3e-80ad5fab9181,2024-10-02 15:42:42 UTC
0828a4f0-86a2-429a-bcaa-b1ec988ceb3c,2024-10-17 14:57:59 UTC
aa23b35a-c3cf-44c7-bd68-a7c2dc694631,2024-10-02 16:29:02 UTC
2a8386e6-74ff-4bd0-824f-61bca24e3313,2024-10-08 11:17:05 UTC
61b84880-90df-4b54-9ee3-416a32f6d7e5,2024-09-20 15:55:12 UTC
e0cdc1b6-0223-4909-9507-bdbea8fae513,2024-10-11 14:43:48 UTC
28130764-776d-4aef-826b-f189ef3af931,2024-10-08 09:00:41 UTC
a1d75071-52c7-4bb4-9724-78f3d7792676,2024-10-01 12:04:07 UTC
d67ca004-4496-40b9-be10-d663d28fb17e,2024-10-16 10:05:23 UTC
4aa59dea-0b1d-4d11-9644-42b599cf006e,2024-10-08 13:28:56 UTC
c414ceb4-2035-4376-9bc2-7dc63f9b6371,2024-09-30 15:31:35 UTC
66ad9df9-bcc1-455a-bebc-73f3ea937800,2024-10-15 13:09:31 UTC
55d34b69-2566-4c9b-8e48-9eb215aecda3,2024-10-15 11:07:45 UTC
b6967cc4-65e6-4c01-a6b8-0977d0f226e3,2024-10-01 08:12:24 UTC
5cf38f60-b962-4e71-9f5e-aafc4442b73b,2024-10-18 13:15:17 UTC
def9451e-4de5-46f0-8146-dbc58c5bda25,2024-10-18 14:10:02 UTC
22039601-126a-45b4-a51e-f51ea8563716,2024-10-16 12:24:48 UTC
f791e3fe-2190-4217-84dc-a5a759e3b9dc,2024-09-25 13:19:15 UTC
6935e2b3-a0fc-4f65-b234-552fbe91248f,2024-10-16 12:29:18 UTC
7a715a3d-a320-4476-8e11-a72dc227dc83,2024-10-01 08:18:56 UTC
c4fb3db8-c2ff-464a-87ef-ada263ad4cf7,2024-10-11 16:19:10 UTC
3e142049-84c9-4700-ad5e-d165b2a320aa,2024-09-27 12:37:15 UTC
2b0b9a3e-7274-4f04-8618-dfa6646cea8a,2024-09-17 14:32:36 UTC
fc828443-478e-4918-87cc-d50ed43361a1,2024-10-14 09:03:43 UTC
ea5014ec-0347-440c-b6ce-acc526c034ed,2024-10-14 13:27:10 UTC
781c6b3c-21e7-424d-8d1c-9b12d0b5b3ad,2024-10-11 16:19:10 UTC
ecbb0d4d-132a-4402-9b1b-43f28438d768,2024-10-14 08:34:43 UTC
64ed63ce-b999-479c-8674-1897507db9f2,2024-10-14 08:41:48 UTC
3cc7ca57-6599-44f1-ae64-73ef17a64643,2024-10-16 10:21:39 UTC
7eda0c01-935c-4778-ad4d-a6b382ff05b0,2024-09-25 12:24:15 UTC
c570e107-05f7-4c8f-86c1-5d1d4bb5dc5c,2024-10-16 09:53:10 UTC
3c115e91-ea37-4054-a8d6-ef572f9b59b2,2024-10-16 10:00:47 UTC
0810e0bf-fd2b-44c9-b4fe-8f22afce23a8,2024-09-19 21:35:32 UTC
ffa180d7-1127-4cc3-8564-7bdacae1fc92,2024-10-14 14:59:22 UTC
c7f72666-09d1-4984-948a-8020e1a18cf0,2024-10-16 12:48:32 UTC
ed3bf33f-e779-45db-8b9d-510ac0fb96e5,2024-10-18 13:28:49 UTC
6f090790-85e6-4597-b152-03a6583a5edb,2024-10-10 11:31:50 UTC
6c97220e-bea4-4b3d-b6ee-bb6f9b99fc93,2024-10-18 14:16:38 UTC
c2129c62-39a3-4400-b10f-cfcd4c521b39,2024-10-01 08:13:42 UTC
69c45c56-7657-4020-8b3b-3c5f3f88e812,2024-10-10 11:38:16 UTC
6e891732-4521-4d37-b5ca-37223ebe6586,2024-09-19 10:31:24 UTC
b4118101-46ef-4a74-bde4-dfcf446f4b99,2024-09-20 09:06:17 UTC
e1c93eff-4aa7-4bb3-8381-3dd07c19a269,2024-10-10 12:51:38 UTC
621c4b69-8db9-4a53-ba79-ba4945c35fd0,2024-10-11 17:04:39 UTC
10bf1ae3-85bd-484c-8683-35f01dd9352c,2024-10-10 11:46:59 UTC
5224a4a4-d05c-4f40-a407-639951af14cc,2024-10-10 11:48:41 UTC
fe5032ec-cd9e-43c2-8107-559cfd43f032,2024-09-20 09:11:48 UTC
9b7c4970-a79e-45d0-89aa-8e87f018d3ae,2024-09-17 14:20:15 UTC
908ae2a7-385e-4600-8206-d2acb53f47b2,2024-10-18 13:33:03 UTC
0c4e6116-954a-4b9c-9706-365bfc0c602a,2024-10-16 10:55:22 UTC
db407b78-3ef1-48cc-bbb7-27be4b38183e,2024-10-13 16:12:27 UTC
9d25521b-082c-440b-aa4f-a0db828a6dd1,2024-09-25 14:49:56 UTC
99ec98a5-8ce4-4327-bcbc-3d1ffadfaa25,2024-10-11 07:47:25 UTC
9838b600-bc31-4cd4-ab99-cb6a3aa7268e,2024-10-15 11:34:30 UTC
fddaf68d-acee-48b7-a5d3-201b5ca7479b,2024-09-24 08:50:33 UTC
aad2cd87-7eb3-495f-9be4-962d15d5fca0,2024-10-01 08:20:48 UTC
9792370c-1b67-436d-bda5-6454c3037f97,2024-10-11 09:21:47 UTC
2cc226be-7a11-4918-b21f-fc527f21aab2,2024-10-11 09:34:29 UTC
6b5b3f9b-cf91-4476-a7db-9e7e05729fa4,2024-10-15 08:47:16 UTC
0c3e72dd-8d59-4a06-b6cc-4066a4b746fa,2024-10-15 14:34:29 UTC
48897fd0-95f5-4456-9d3b-beb713e1b416,2024-10-01 08:29:33 UTC
98267211-f58a-4c43-a860-d20eef393ec4,2024-10-01 08:26:13 UTC
d09b3dbb-cf10-404e-b73e-8a6df695b65c,2024-10-01 08:24:20 UTC
830f9c1f-14fe-40f7-af3d-88d6ce7698d8,2024-10-09 13:59:42 UTC
3cdaf495-6e54-4735-8464-4d67b1874a65,2024-10-14 09:01:44 UTC
c5ce05ce-4330-4684-9895-f66d575ceabf,2024-09-25 13:13:30 UTC
3b29534b-7131-4e4e-8861-f6de0776bda2,2024-10-03 15:04:02 UTC
e11b69a0-43db-446f-a797-101f923b43d7,2024-10-16 13:07:15 UTC
7ecf26af-f7a8-4b22-910b-22a9b0b282cc,2024-10-14 09:29:52 UTC
bc165e3b-3c0d-4708-a67d-b48a9f211b7b,2024-09-30 15:51:46 UTC
363ef165-6bff-4668-be08-75f310346f6a,2024-10-16 10:33:19 UTC
fcd09855-621f-4043-92b4-8c3b5f2d9856,2024-10-01 08:18:08 UTC
f3ab1b26-9ab6-4ce1-830c-b555d80c9ad4,2024-09-27 15:22:08 UTC
6381dcf0-0893-4196-ad9e-bd5292756d3f,2024-10-14 08:24:29 UTC
d8580e20-2f7c-4c3b-b5cf-04f56f8a0ce6,2024-10-01 13:35:55 UTC
70fa298e-0127-4e35-a088-7f7b14646b17,2024-10-16 10:57:10 UTC
4077346d-a5fd-4505-b97f-8c7dcdf963cd,2024-10-18 22:41:33 UTC
e6bf2085-9023-4f7d-b906-53c3ea7d5769,2024-10-14 11:14:28 UTC
6ff77806-723e-41cc-a4cd-a7e63c1e0305,2024-10-02 15:31:48 UTC
56301bbe-98db-4299-9295-fcc3a08a3889,2024-10-03 10:53:47 UTC
30a683ab-2a8e-478f-8093-821b8cf80778,2024-10-16 11:04:35 UTC
9b1cc755-bba1-4cfd-9ea2-ae115eb9637a,2024-10-14 12:43:18 UTC
1ec8abf0-c561-4cfd-a6d8-31d8215f42d1,2024-10-02 11:17:33 UTC
1003e47d-5c7d-445c-9a09-225e5ae9984b,2024-10-18 23:11:54 UTC
b7780e08-4162-42ea-9761-feabbe57476a,2024-10-17 09:56:53 UTC
357fb972-bbbc-4da9-938e-37ada4d3457c,2024-10-17 10:06:10 UTC
b9caeb6b-f374-414b-86e5-610a97e8b64b,2024-10-15 10:17:30 UTC
e356f721-e9a4-42d1-8a27-7c5762750cf2,2024-10-16 14:09:11 UTC
17863bb5-38ef-4ced-9131-af04bfb89bad,2024-10-17 10:17:34 UTC
d6f7172e-3d45-454e-b1cd-912d9d70922e,2024-10-17 10:23:17 UTC
6ef49c55-b2c4-4d8e-816e-39f5279382ab,2024-09-27 21:07:14 UTC
135effb1-b958-47e2-8867-d99cc0f089c7,2024-09-27 11:07:47 UTC
df05c85f-8624-4819-8b0a-bd8200958f4a,2024-10-15 15:26:34 UTC
e92834f4-fb14-4767-a6e4-bef0fea4d9e6,2024-10-15 09:57:03 UTC
9524adad-1a41-4472-a686-4dad1ab9d2f1,2024-09-27 12:02:03 UTC
af540bd5-7078-40e6-a55d-62f3a1287cc7,2024-10-19 00:20:03 UTC
3f6a75af-fad6-4182-8e7c-e96b85b48e96,2024-10-15 10:45:35 UTC
97b7b4d1-1777-4a38-9c77-0b7c825f378d,2024-10-15 11:48:49 UTC
3228690a-8ce3-4caf-a9c8-dfeb3b3e2e0c,2024-09-26 10:00:18 UTC
7901c83c-4ff9-40e2-a540-7a02bb55722d,2024-10-03 12:24:11 UTC
3a2a7bfc-7d11-4826-9ea3-2bdefbe25ad0,2024-10-16 14:24:18 UTC
112b513c-6f5d-4c68-95bd-23fe9ec2a26d,2024-10-16 14:47:05 UTC
8cb0b9b8-a543-406a-a2fe-6308528b23dd,2024-10-16 15:02:20 UTC
693c26f9-ac25-49fa-8f34-284d6ad63aed,2024-10-03 14:26:37 UTC
f0de9b1a-f712-486b-9f38-7a89220e4909,2024-10-01 08:28:47 UTC
05878c3f-167b-4388-98ea-609c56650eb6,2024-10-16 15:16:33 UTC
268f354b-db40-45da-9e24-dcdac42df533,2024-10-02 09:38:03 UTC
e6e3a5b8-d6e4-43ee-a113-0d859cbe1ae0,2024-10-01 15:23:01 UTC
80d6e029-a225-4742-82fc-0c4cbca80740,2024-09-24 15:07:37 UTC
18495442-7e45-4967-ab91-60dba52abbd9,2024-10-20 14:38:17 UTC
82a18eb6-02a1-4c9b-aa7e-63cf4aba3d85,2024-10-02 11:28:47 UTC
6046bc7b-c1de-4d9b-b66d-dc746ec744e4,2024-10-02 12:30:10 UTC
11eb09ca-466b-4c5b-a4b2-7cdf45b3a86f,2024-10-18 11:28:16 UTC
f4ea6bfa-cdb4-4d84-9c82-b932f32098e5,2024-10-18 11:35:14 UTC
77a11416-72d7-4c83-b81b-f59f61a175e8,2024-10-18 11:40:58 UTC
7f85c4e7-0dc1-4795-a5e9-ee45796b12ef,2024-10-18 12:17:51 UTC
8a2037d5-0421-49d4-b4f6-bc77b07d1ce0,2024-10-02 15:10:48 UTC
2d716355-bba9-440b-82d5-9f85feda259f,2024-09-27 10:16:45 UTC
a62b6025-75b8-4fb3-878f-63e5dbe261c1,2024-10-02 12:34:52 UTC
53daf21d-ece7-41dc-a9c6-f9dc8380ad20,2024-10-18 12:24:05 UTC
d59bd2b5-0908-4257-be9a-21cef4c9dd94,2024-10-18 12:23:42 UTC
15359199-6711-4366-9dfc-f4deb3668909,2024-10-18 11:46:50 UTC
37b1ee5b-b443-48c9-abce-791ee6664d0c,2024-10-18 11:58:24 UTC
d83018b0-a8ab-43d4-a960-5a4adfb1a355,2024-10-17 15:11:02 UTC
55b6f225-3080-4e09-b8f0-3d66e72fb976,2024-10-18 15:05:10 UTC
9e6e8fa9-4ca0-463c-bcc3-7f50950ec392,2024-10-03 22:41:56 UTC
